Accuracy,EnemyTime,TotalTime
0.8270574,1.520665,8.792887
0.7976285,1.94064,9.589496
